node_idx,degree
4039,1932
2424,1026
225,2300
3901,1484
223,2150
511,2606
1150,1182
3832,1538
346,2006
2336,1646
3978,1294
1734,2336
1331,3316
308,2090
313,2174
122,1510
785,1172
779,1048
1279,1794
608,2720
476,3874
3037,1264
3667,2944
2235,2460
474,1570
2221,510
738,1738
2521,1034
2392,1336
405,3094
802,2290
2337,2112
3646,1988
34,1998
351,2534
781,1300
1247,1664
504,1604
814,2032
1371,2296
2488,1874
1443,802
1057,1184
573,2050
490,1574
838,2604
755,1824
3385,1400
212,2784
3400,2504
519,1970
2469,2946
2720,1328
3509,1416
886,2328
2541,1368
733,1052
2277,2042
1190,1666
1023,3054
713,2160
2316,2550
3706,1766
3119,1968
494,1930
3472,1040
1385,1612
336,3234
2290,2480
2279,1106
2150,1940
2614,2066
3442,1366
767,2684
896,2642
412,1792
2354,2588
669,1042
2505,2940
793,986
333,3344
1330,2126
670,1346
349,1580
633,2516
3672,2714
889,1992
2400,1922
260,4182
1968,1940
1918,1480
958,2160
54,42
2444,1326
326,1730
2489,2446
158,2244
4176,1724
3794,1658
479,1368
3918,3264
3204,1192
1885,3066
2562,2184
1285,2338
2839,1540
2069,2212
3865,1416
2295,2468
1096,1074
1189,1376
2564,1352
2264,2562
605,2142
3616,1042
1056,2244
278,2206
4053,1040
1191,1900
1531,1868
1098,2714
2497,1520
3766,1412
3512,1852
3488,2494
2257,2178
1214,2726
3644,1444
3951,1966
1848,1656
2127,1028
1861,1526
1889,2258
796,3220
261,1734
1283,1072
3536,2514
1183,1564
4112,1768
3298,1352
267,2760
437,1510
3580,2498
1141,2072
1055,1584
408,1104
1554,768
2503,1864
1358,2292
224,2786
406,4438
1977,806
3792,2486
1121,2112
2477,1918
727,2018
525,2692
2260,1078
3591,1394
3511,1544
3694,1052
892,998
396,2270
2267,2822
127,3662
123,1856
1064,1154
211,1326
3495,2326
3460,1322
2324,2396
2165,710
3373,2626
1655,1058
2059,2602
3437,1988
419,2702
2373,1398
1890,1092
3271,1240
959,3648
353,2278
703,1420
384,1208
1234,1938
3014,1722
2215,1310
1350,1886
3743,1990
2052,1356
186,2658
2543,924
517,1330
168,1380
2491,1434
3626,1408
3479,2494
431,4068
2320,2462
3998,1456
1833,1374
766,1852
1196,120
233,1578
251,2602
3088,2314
1749,1170
2856,1948
1496,930
1512,1538
3608,2484
3465,24
1042,1036
1248,1470
505,1440
569,2912
2869,1688
3997,1544
774,1792
461,3760
1082,1718
382,2018
2284,1736
457,1668
859,2930
1105,2306
175,2046
2729,1346
3371,1040
2432,1330
2429,2718
203,1844
3803,350
3300,1560
3850,1046
832,1748
284,2510
1656,2602
596,2482
3910,1922
1351,2890
1194,1150
3983,1632
1382,1772
953,1188
1130,1312
2582,1344
1008,1668
594,2258
1241,2340
2549,2478
1187,1416
3089,2378
602,1058
844,3376
746,2570
2842,1514
1205,1860
2593,1322
1224,2818
705,1198
2433,1344
14,1230
1841,1848
964,1588
3056,1016
337,2390
721,2198
618,2538
3483,2338
3991,806
452,1468
695,2430
1622,2168
2978,2214
597,1142
2585,1158
195,2078
242,1364
878,2370
143,1006
2518,2454
2449,1354
917,2334
694,1546
214,1142
11,1538
558,1860
923,1506
919,3042
2495,1002
3677,2508
553,2176
1067,1766
3602,1570
3896,1544
1252,1148
822,1068
393,2294
3160,3056
388,1600
1106,1178
320,1878
2430,988
3350,1426
595,2878
2480,1946
129,1496
1200,614
3244,1080
1232,1944
2517,2442
835,2350
1201,1756
861,2228
907,1340
2435,1328
1231,2030
3649,1416
2321,2622
367,2136
3020,2100
1198,1090
522,1918
638,3092
891,1346
4056,1032
1383,776
3842,2056
3720,1260
2162,618
692,2162
3893,1096
456,2398
2474,1094
1370,1546
1508,2016
2412,2358
641,1354
2864,1346
697,2648
2043,1796
1601,1988
827,1522
2606,1324
4127,2302
1683,2984
1026,1056
3912,2268
850,2594
541,3618
2209,1458
768,1950
3922,3506
1127,1536
860,1050
962,2944
2529,1702
1159,2176
2132,1378
2540,1476
1229,2112
3855,1400
4035,1212
807,4468
3701,2026
3657,2486
3661,1382
3372,1968
2708,1150
1978,2084
271,2914
2450,1334
3753,1312
257,2274
485,4108
982,1874
2313,1642
611,1544
3519,1284
1007,3076
1812,982
2581,986
3878,2464
1245,1406
575,2468
180,2050
2270,3548
3908,1830
151,2294
2203,2446
507,2498
1318,2854
3028,2698
1700,872
1364,2272
3831,2036
2498,1246
3049,1360
1255,3248
1151,2262
421,1774
2138,1290
295,1890
157,2206
1933,1934
3229,1634
815,1630
354,1774
1325,984
1850,1148
429,1954
216,2298
3780,1834
362,1408
2271,1728
2057,1468
2207,778
3534,2490
1172,792
1881,1420
513,2576
2398,3598
1136,1592
711,2132
988,1550
2386,1798
4033,1312
603,2608
229,1484
3238,1052
369,1434
817,2510
2484,1910
1614,1710
688,2724
773,2180
110,1518
1022,2310
2640,1338
2626,1506
2771,1334
2723,1352
3683,1406
2552,2648
144,1150
1261,1650
341,1724
3464,1330
3503,1370
1119,3532
916,1436
1152,2230
3205,1370
634,1872
2532,2238
3883,954
390,4052
2726,1334
4259,366
2847,1542
925,2368
930,2528
2445,10
1920,2910
545,936
2621,2328
3836,1278
2481,2328
1377,2488
668,2078
1401,488
2239,2312
2443,1334
2965,1478
328,2202
2507,2456
2253,2332
3598,2474
342,1380
338,2562
3312,2494
2345,1640
3977,2490
285,2428
3524,1920
305,1106
3943,1538
914,2394
1065,2218
403,1754
586,2044
910,2106
2080,2752
2208,1404
2490,1424
3994,1338
1265,2468
352,3364
173,2556
1244,1514
249,1994
741,1890
3911,2136
2727,982
475,2286
2768,1456
1698,1414
1375,1942
266,2244
1027,1536
942,2306
628,992
184,1778
1874,1890
2299,2482
486,1520
3206,1042
1915,2584
1051,2580
488,2348
3025,1394
2526,2240
1596,2500
4055,992
2447,1348
2508,2502
345,2144
1436,1048
2438,1486
2558,2564
2751,1326
2840,2458
3532,1472
4002,1438
1561,2538
911,2504
2774,1134
2485,1804
1123,3160
178,1284
712,2862
3535,2228
1904,2386
1274,2070
520,2994
3958,920
483,2544
3888,2458
141,1458
255,2514
707,2150
1029,4070
221,1178
136,3530
1611,2200
2050,2468
2103,26
630,1094
924,1964
4190,634
682,2918
1670,3042
139,2072
459,2874
1193,1532
4034,1612
4000,544
1251,1396
3453,1150
1122,1604
2575,1712
1608,1970
4041,2126
235,1554
734,3282
469,990
1432,610
2576,1736
292,2384
1024,1980
1054,2960
1868,1426
3592,1304
3889,1706
867,1834
2492,1770
524,1932
1031,1348
188,2588
899,1616
2314,2488
2417,1320
1584,1232
205,2780
2018,1556
2779,1416
114,1000
3976,2462
2148,2482
531,2322
533,2454
1706,1946
3566,2498
580,1298
890,1798
2461,2506
258,1680
2265,1696
918,1054
3394,2480
972,1184
3607,2082
2259,1802
2098,1676
2763,1036
1225,428
280,2984
567,1414
2719,1350
3250,2698
1567,2480
865,1400
1182,1078
156,1396
756,1940
2393,2422
1650,1142
2714,1614
2457,2086
1206,2468
435,1652
1053,2260
653,1888
928,2120
2434,1348
3080,1816
1199,1188
4261,1324
365,2660
440,2646
2217,1754
2330,1540
1317,1802
3643,2344
2044,1164
3921,2568
3826,1422
2545,2330
2520,1726
780,2286
228,2594
940,1432
4040,1496
250,1116
3477,1582
2627,1344
1998,1434
1293,2344
3636,2494
1605,1656
627,3172
3990,2272
2288,2486
2550,1802
3830,2342
444,1162
65,1514
3916,2646
90,1106
929,2752
932,2372
3717,2706
1000,1354
276,1388
264,1796
2623,1794
3999,570
3861,1208
2436,1336
3687,1402
3631,1414
2734,1318
1417,1590
900,1366
3645,2850
1146,3806
542,1364
5,1632
2382,2530
210,3124
1879,1934
66,1968
2269,1996
764,2118
1192,1780
1016,1832
648,2896
2188,2468
2622,1862
1080,1880
2715,1344
213,1398
1420,622
642,2086
2042,1794
2569,2334
1585,1186
2254,1808
473,1558
2811,2524
1882,1854
2399,1276
2609,1864
2363,1486
2122,1066
287,1612
3114,1362
269,1784
3513,1514
1250,1948
786,1888
1131,2046
3728,2476
854,1168
2119,1348
3843,2218
325,2256
1322,2422
2422,2546
2305,1364
130,2456
2428,2432
1641,1420
2922,1096
3784,1282
111,1986
957,2092
492,2874
1360,1506
702,3330
3924,1212
950,1566
1621,2464
3992,1346
1195,524
691,3412
3735,1424
2496,2124
715,2458
428,1520
1270,2330
2982,2394
2528,1912
3920,3462
239,1340
463,1238
906,1330
373,1510
172,1168
126,2240
945,2536
422,1556
672,2320
30,1578
1365,1540
1039,2384
3979,1008
1212,1820
2048,2570
3022,1056
1185,1474
662,2296
1259,1064
3761,1384
4094,1602
593,1576
2765,1024
926,1252
3886,1572
464,3188
3520,2494
880,1184
2499,3002
583,2510
2437,1514
3369,1656
2610,1694
300,1604
219,3106
193,3342
1284,1896
2079,2002
1792,1254
2516,2482
4157,1142
2900,2350
2095,1228
1120,2228
2479,2026
1595,1540
1104,3390
592,2986
1109,1712
253,1574
448,2152
1618,1258
3673,1526
2553,2326
1669,1422
920,1664
2013,998
905,2226
2875,1666
2512,2448
1421,968
1338,2092
379,1414
898,2016
2414,1350
2537,1628
2452,3314
272,3258
1826,1862
3322,1066
2395,2536
652,2276
3292,1756
1036,1402
3981,1484
1180,2270
588,2582
2173,2146
644,1004
3137,1618
1186,1516
550,1904
3744,2484
3158,1404
726,1890
2509,2488
317,2276
3684,1380
645,3152
1411,844
1181,1552
1258,1024
1563,1066
1598,2198
3925,1410
1992,602
989,2258
683,1378
3817,1640
640,1786
3269,1510
3944,1324
745,2388
2502,2364
1573,1506
1035,3790
990,1712
1095,1190
1107,3872
938,1418
2303,1754
1246,1168
1599,2686
1004,3480
2597,1314
1312,1358
3993,3216
372,1612
625,1540
3594,2510
2172,1174
754,1790
3510,1342
3454,1994
613,2314
718,1098
1125,2468
149,3428
2927,2070
189,3474
2818,2906
3449,1378
2607,1362
2023,2350
2178,1652
3428,2334
1914,2268
262,2146
574,656
3980,1000
720,2794
2139,1454
1020,1208
852,2250
348,1538
1546,1174
1059,2316
1790,2820
518,3276
1268,1018
2379,2734
3757,1424
1367,1110
2462,2010
399,2196
3731,1064
836,1814
1086,2328
430,2176
409,2060
2061,1082
1041,2282
576,3528
2483,2478
4005,1226
1678,2756
2130,1430
2328,2068
621,1334
4003,1442
1037,4236
268,1374
3835,2658
2500,2174
753,2028
484,2088
145,2208
591,1952
757,2012
2514,2478
218,2282
1001,1110
2556,1386
3572,2462
2703,1386
935,2098
1463,1342
3662,2502
3639,1610
2620,1462
2219,1392
3933,1990
451,1864
498,1136
1372,1662
2724,2210
601,2682
2411,996
2470,2026
2645,2188
3216,2250
411,3278
643,1572
696,1030
291,1064
994,2236
2377,1020
1373,3148
2589,1186
3705,1056
744,1978
1640,2428
4231,592
4128,1078
3211,1128
1971,612
562,112
646,436
3882,1668
3065,594
1939,504
3926,1052
2741,552
4158,630
3146,1852
1997,2396
1771,610
1937,514
1732,874
1693,542
1917,2300
2893,1970
432,2662
833,3540
2261,1992
26,992
2351,614
1935,648
1924,598
2565,564
2006,592
2032,1252
4225,574
2887,594
1780,596
2873,588
3208,1148
7,976
1560,178
566,278
2455,1298
2523,1570
1854,590
956,1078
598,1248
2157,1964
187,2724
3050,1130
1577,2604
1897,582
1184,1424
42,220
3127,580
2879,758
2245,1872
4212,1078
4211,598
1208,2796
1454,1438
3469,1168
3719,1150
2960,614
1988,528
3866,2082
3338,1166
1934,1036
3270,588
615,1260
3179,586
4167,602
3087,572
1058,1990
1880,1348
1922,1284
3195,204
132,1926
2137,1204
2246,214
3585,1656
977,1522
857,2020
275,1226
340,1202
496,3258
724,2442
368,2352
4164,588
462,1380
987,1420
423,1230
28,858
690,2176
874,1434
1975,592
1747,592
3972,2956
3153,580
998,1622
2389,2004
3945,2098
1520,250
181,1092
2003,540
4183,584
4215,594
2371,144
10,984
2845,1732
4207,598
3145,272
521,538
1115,2794
600,1364
49,276
4025,106
1396,68
3268,1298
778,2186
3243,600
725,2178
3191,606
589,2370
659,2214
61,904
2587,592
4172,576
1631,2670
1856,1750
3409,586
1574,1350
1764,578
2104,1262
2735,898
1893,590
3288,590
416,1606
4153,582
3188,574
4228,604
3149,508
4147,592
1359,1422
4169,608
174,2536
2996,596
4241,576
2256,1280
2559,836
1814,514
966,988
4226,602
2950,136
895,1900
1912,2276
2995,594
2016,940
797,2722
2312,2494
2272,1922
2244,1574
2352,1772
2933,626
38,976
3101,514
2868,1270
2109,1390
1766,1086
36,526
206,2064
3132,602
1777,2968
1177,2352
4179,606
1927,596
1587,2514
1818,684
557,1284
2862,500
4131,596
4138,608
1853,1610
2346,2240
2347,1576
1380,1352
515,524
4140,584
3092,580
1779,586
3131,510
4144,550
1088,1068
2170,874
4149,594
2519,2072
3052,888
3264,528
3135,576
4173,574
3115,594
398,2954
2973,1060
3331,598
1658,1226
1926,592
402,3130
3346,586
24,610
2100,2290
3118,604
1929,600
1639,1878
76,948
4234,596
29,848
1646,252
2999,592
4242,588
3760,1834
1844,2728
22,1324
664,1382
2076,336
2349,1072
4238,594
2310,1612
4244,604
4022,114
943,400
501,2158
3670,582
3246,604
4258,572
4,936
2806,1606
3927,590
4170,576
1388,110
2859,1314
3209,610
3027,76
3366,592
808,3946
3329,572
3109,1846
3046,1174
1816,560
2934,598
2186,2726
3110,596
27,946
4089,1204
3071,602
2388,1784
2015,950
2733,2640
3948,606
4052,1016
1409,126
70,1206
386,3482
723,1242
4193,594
2561,482
87,904
2525,1530
323,1672
1453,1294
4103,1794
3821,1606
3395,1592
810,1524
3474,2052
826,1036
2304,1814
4166,586
254,1840
1772,1124
3379,1590
2866,570
2918,574
4150,598
3100,596
2602,1714
3332,596
1157,1316
2858,1360
3891,664
1804,762
651,1612
875,2022
687,1794
56,814
2425,1158
1249,2472
3894,584
3026,200
3036,582
823,2340
2266,1634
2384,1128
1163,1808
3236,832
2463,1310
2366,1918
410,798
2285,1434
2604,2134
3345,584
936,1310
2102,1260
364,1498
2376,1332
811,1214
400,1584
4161,600
2410,814
4178,580
1948,1378
3307,578
4108,584
803,1960
1147,1718
217,886
4177,586
121,2836
3086,1076
1132,1820
427,1866
4119,1184
299,4182
3349,114
82,884
2225,828
1781,582
1950,892
1553,998
2860,1062
2482,1940
1715,988
762,1194
2280,808
3406,588
2066,216
604,1490
2201,1498
59,952
3929,578
1681,1084
3057,972
3759,1536
3186,606
921,2240
1824,868
3506,1632
445,350
820,2676
347,1360
2099,1280
3019,594
3043,588
1676,748
3203,580
2222,330
3032,1116
1540,444
3887,2004
1356,494
3254,594
1942,1708
3942,596
489,2478
3303,598
3388,602
458,252
3040,626
3117,594
281,2204
3174,660
527,2850
142,1760
2906,588
1831,600
2369,1032
983,682
3076,1494
2993,590
667,1632
4195,588
58,1310
2986,1058
335,828
4160,584
3378,600
3466,1044
3095,1332
3167,608
4236,600
1449,834
207,1434
858,1520
1990,594
2106,1224
3964,560
1817,604
2838,1596
1719,592
208,2102
949,1550
732,1336
3079,590
3002,432
43,1424
316,1952
3121,580
1114,2314
2988,584
4146,590
2981,588
1144,1492
3297,604
2992,572
1770,1588
374,582
1965,934
3617,2342
3192,1086
3325,606
1987,1160
1689,584
1930,596
655,1140
539,1834
3061,600
3275,1114
2002,1564
2939,878
538,2658
72,554
3359,584
1511,646
1708,890
3162,590
4237,594
1925,588
1519,1024
3219,586
1753,576
4070,1048
167,1560
4133,598
2372,2954
3173,610
831,2066
1661,532
3399,586
2789,1054
2756,2146
2961,1624
1910,1208
3856,1628
1760,356
3514,2766
3431,588
84,916
86,534
4186,586
2262,602
761,1606
2706,1032
1108,1232
3295,636
46,588
1744,1010
4243,600
491,1502
120,710
1009,1416
3051,910
3063,1258
380,1598
4021,850
2227,202
2917,592
2211,838
2233,1472
315,1004
3664,2468
146,1584
1559,98
443,1342
2958,1412
3336,592
4076,586
318,1158
4001,582
1717,600
1336,1030
3048,886
247,1926
1341,2304
1761,578
1498,162
2364,1334
2630,1390
2475,1362
3000,598
654,686
1379,1476
1791,592
3011,1558
948,1036
4137,584
3318,594
2901,132
1227,426
1690,608
1695,582
1837,520
2833,1594
1040,1270
614,1606
2566,588
3727,1614
2574,1080
3593,1822
2732,1262
913,1934
3741,1288
3954,582
599,892
2007,596
2954,596
3093,580
1947,1920
2877,520
2446,1434
25,972
1864,600
1679,608
3947,2464
1504,314
2948,568
3988,1956
252,3004
1999,1508
2712,1166
2019,1064
424,1968
2902,614
1785,600
3305,1164
4188,330
4154,1074
873,1944
1228,2110
3436,2906
2962,1074
3962,688
3965,600
610,2762
1847,96
4247,578
3239,588
3262,582
4152,588
1801,576
3317,586
4148,580
1839,1848
77,1084
2353,604
1439,270
1735,912
62,1088
2578,1514
4184,584
360,1108
2413,584
2124,792
2359,1388
2020,626
3030,610
1135,2540
912,2376
3213,116
3144,696
2536,1122
3006,580
202,2070
4043,1888
3164,1148
3157,1164
3273,1634
739,2690
543,1952
944,810
2881,952
1616,1886
3989,1502
870,1984
4198,588
1078,1666
3147,580
282,412
624,2278
2617,1300
981,976
4192,348
3156,976
551,2480
301,1466
526,1006
3315,200
2133,418
3333,222
256,1162
4028,224
2442,248
3725,1806
3768,254
2017,784
794,518
2340,802
999,1238
3133,220
2121,194
2863,176
3578,228
1592,418
2631,226
4106,220
1876,330
617,1028
3504,230
3427,1812
2012,1414
163,1352
2049,1674
2110,222
1176,352
1944,226
2737,226
2228,1382
751,72
792,206
937,1154
383,1468
2441,226
1964,234
3691,212
2743,226
4263,232
57,316
1343,246
2046,288
453,1574
2629,228
1143,1010
3604,230
4027,222
2632,230
3610,264
2291,250
1052,1398
784,646
2797,226
4030,230
3915,232
1128,1950
3539,208
1462,354
2513,2460
1953,820
2198,1902
2966,2610
763,1494
3613,2278
3302,1072
540,480
729,752
1642,846
3562,960
1643,838
2065,626
4091,1216
1610,1122
2070,1498
2114,902
2152,1682
331,1580
2197,1492
303,928
3813,2344
2113,638
547,2078
2140,634
2357,808
2515,2462
20,688
2464,1354
1334,174
4097,1606
2595,1530
2194,268
3779,198
743,380
2426,1632
856,1084
165,1552
4064,394
183,346
263,374
1133,790
4093,1650
2276,2706
37,982
1569,1154
4197,1080
2331,174
176,716
813,1542
1582,158
3518,198
3822,234
4060,376
1238,498
1207,1618
125,1444
309,2536
3321,1370
4079,370
73,2994
4059,1532
2816,200
2639,702
3654,678
1188,1148
514,1456
2926,1036
3641,1580
166,358
3013,1060
1940,2018
3680,186
3750,2488
3489,2100
799,1374
468,346
1440,1600
2073,702
3107,2570
3368,206
4109,192
2784,204
2814,202
2111,454
1034,2120
3637,202
2466,1046
370,1516
1919,1056
882,268
1050,1456
1076,2024
3905,814
1140,368
3496,202
3686,200
1174,792
4098,1626
3284,846
1060,2946
1069,220
775,1190
497,396
3960,394
397,1256
138,2066
1091,1262
578,384
1220,1648
3478,204
1173,820
2510,2478
508,2396
115,202
3310,2034
2494,1638
1361,1398
2478,2178
4260,378
3589,1386
1170,200
2815,198
4088,1652
1169,144
204,1272
2243,1444
1840,850
2408,678
2334,1578
2163,136
2028,1150
227,388
1901,694
1647,2026
1806,1048
418,1886
135,2644
2959,2706
1677,3228
1012,2106
3961,1042
1210,1514
3956,1048
2024,794
231,2188
2296,2578
1333,2588
1017,376
2465,1412
1626,2040
1846,532
1165,976
2504,1226
3702,286
4042,1538
2403,448
2534,304
516,368
3698,210
750,364
480,1596
1153,876
1116,2076
3666,1940
273,1864
3796,1976
2064,230
1235,3098
3374,1024
2297,2274
719,2310
3455,328
876,1342
3823,2022
629,1244
1237,1396
795,390
4054,1036
2115,724
2643,1018
4063,396
2831,1994
4061,1210
2980,1032
1155,956
3614,1046
1223,1642
1222,840
1335,158
512,572
1612,1768
4086,1228
161,1262
546,744
1487,1878
3955,700
1619,1396
1161,1500
134,1300
1387,810
2342,1040
3653,2294
3795,198
790,418
3070,198
420,1042
2374,1552
673,1536
1154,810
3023,1656
997,1374
1166,1702
582,2208
194,380
909,390
3876,1560
1634,1906
1019,1010
939,484
4087,1614
1175,992
1242,1622
2949,1970
2817,188
3222,296
140,1492
2126,682
67,922
2309,1952
993,2662
4065,1856
3754,1566
2281,1374
171,1612
1659,520
3424,1308
2910,1322
1113,1332
851,1604
4115,1414
3094,1316
2278,1200
3618,1138
563,2124
2943,1504
2892,274
1281,1792
3587,1114
955,1702
637,1370
154,1472
3123,1060
2062,1026
1003,1836
2953,2018
4114,1294
884,1332
701,2222
493,2130
3623,1350
3355,1394
2387,1800
2383,1352
1834,1078
2220,1296
3721,1704
3391,1584
2524,1560
2467,1240
1302,1338
2356,2776
776,2740
2423,1822
3806,1340
2964,1066
3934,1324
3148,946
3946,1816
1613,1340
2915,1370
1112,2562
2249,760
415,1652
3825,1336
3499,1706
2327,1568
1075,1576
2468,1334
893,1562
4201,1348
609,2842
35,1098
332,1220
3771,1280
3444,916
2350,2110
3247,1406
3619,1068
2094,1152
1083,3322
4099,1408
1203,1186
747,2340
3819,1718
1324,1282
2039,1502
2317,1350
3597,1130
1492,2118
1179,2570
3611,1140
3733,1740
2506,1088
1292,1298
1025,1524
3091,1344
1984,1342
1074,988
3559,1364
306,2952
286,976
3170,1308
2829,998
3416,1468
3834,1616
1969,1734
1339,1388
2289,1462
304,1780
2300,1330
2852,1310
2547,746
954,1432
3033,2040
3867,1726
3553,1854
177,1220
2344,1036
131,1876
3703,1348
2164,1870
3755,1390
3840,1550
3568,792
2851,1524
855,1550
3242,1848
1836,1086
4073,1846
2120,1308
666,1648
1319,1560
933,3012
1300,1606
1993,1002
663,2172
1332,1222
44,880
3555,2718
3650,1692
2169,1178
806,2298
2460,1328
3175,742
3140,1342
3573,1266
577,1346
1967,1150
1570,982
3202,1326
222,1496
1994,1336
3281,1486
191,2292
1204,1234
3620,1604
289,1032
3451,1604
482,744
2997,1152
1117,1412
3015,1492
3304,1364
3214,1344
1102,1618
1872,1710
2919,1334
3571,1314
2338,1426
3737,1332
3558,1712
389,1504
3309,788
500,1130
1272,1632
12,1000
848,1892
758,1278
1989,1528
1092,1304
467,1468
1623,1384
1295,1546
1366,1022
1403,930
3712,1140
3588,1606
2421,1516
1310,1330
548,1354
3171,1300
3900,1230
3577,1712
1316,1642
3570,1716
2200,1206
3674,1358
2762,1774
3798,1308
3829,924
1778,1044
327,1498
1002,784
1983,1530
584,1398
356,1812
2568,60
1289,1298
2335,1048
3756,1736
3957,1408
3897,590
3177,1294
2459,1342
2226,1634
417,898
3552,1300
1851,1482
2176,3112
3669,1318
965,2074
3713,1644
4113,1394
3526,1980
3709,1320
1974,1368
1063,1026
3590,1300
3565,1512
1320,1310
3615,1712
1276,1116
2747,1342
3320,1196
1299,58
658,1370
3600,1316
1164,1032
1701,1646
3481,1272
2318,1320
1346,1586
2343,1734
3845,1310
2567,50
2854,1314
979,958
3252,968
3003,1320
3190,2046
1600,1334
3695,1146
510,2478
845,2308
3652,1734
3398,1488
3853,1298
824,1320
2511,1342
2451,1638
3500,1320
159,2312
2849,2010
1620,1160
3545,1322
529,1062
3193,2346
2454,1616
3480,1344
1211,1246
3498,1238
322,1376
1786,1004
4123,1374
1602,1044
1906,1314
3009,1340
3528,1334
3914,1070
1273,1638
2563,1352
3542,1336
3561,1322
1362,526
3655,1456
717,1510
51,590
495,1252
2218,1372
834,1316
2096,1022
307,1002
3660,1314
3581,1894
3885,1080
863,64
2088,1326
3724,1322
3340,1366
1981,1376
3773,1330
969,1466
3097,1076
1651,814
434,1340
1400,1020
4202,1524
3606,1144
1070,2132
1326,1420
1466,1018
3543,764
2089,1218
635,1336
821,1156
3811,1294
679,1338
737,1530
748,1226
1158,408
941,2162
3681,1362
3688,1222
319,1334
693,850
3347,1212
2252,1042
3738,1406
3129,1468
455,2056
3800,1300
3265,1318
2014,1370
3547,1414
1010,1126
2867,1332
798,1866
1090,552
2038,2046
4081,1148
572,3110
1013,1052
1269,1310
3257,1346
1277,992
639,982
2945,1046
3077,1366
190,2148
2035,1906
236,894
616,1056
3476,1104
442,1354
2979,2692
1340,1878
1742,1904
2994,1774
2058,1232
1288,1424
2826,1548
2325,1734
2202,942
2333,1534
1134,1694
3035,1372
1797,758
1549,1322
2721,1652
709,2362
1303,1250
3001,1532
3134,2332
881,1788
3490,1310
2075,2356
2880,1614
162,1312
2938,1154
4206,1032
3827,1158
3714,1620
1047,1278
3763,1716
684,1954
2471,1270
612,1230
735,1032
1226,2374
1782,1558
1301,1598
3621,1542
722,1138
3775,1326
3586,1230
650,1556
657,1340
952,1876
2898,686
3801,1720
2777,1238
1126,1310
160,1030
3708,2038
971,1272
2341,1298
1729,1008
3125,1384
3778,1730
3560,1316
3874,1298
3383,1354
3072,1126
3421,1316
3541,2008
3412,1286
561,1040
3814,1724
3282,2234
3234,1634
439,2432
2323,1160
3182,1522
1730,1166
3253,1882
2802,2030
1875,1786
2204,1862
1066,2142
0,902
1849,2362
1665,1854
3696,1324
3579,1558
3633,1616
3098,1390
841,1346
2456,1336
3599,1740
2787,1850
1313,2008
3729,1128
1309,1422
3693,1306
647,1416
2775,1308
2026,1022
840,1334
277,1360
3863,1412
1267,1072
1668,1062
1741,922
544,2168
4230,1610
377,668
665,1938
2669,530
671,1276
3482,1574
1737,560
1820,520
3344,652
4105,744
3062,1216
3671,794
3774,1712
3291,564
1765,538
4015,542
48,650
3530,650
4083,532
2385,1174
4262,1002
93,634
1393,450
3491,752
3812,656
45,1078
1751,536
4012,538
2682,762
3392,584
2651,760
978,1278
2308,1938
3953,1082
244,840
454,1688
2690,518
55,818
1458,558
894,1768
2693,548
449,1590
2761,908
681,1938
3393,560
248,752
4110,538
1671,908
1945,510
1129,1506
185,1086
3405,584
3903,520
934,812
3274,638
2678,522
2670,514
986,1194
1857,114
3256,534
378,1402
4016,572
3848,108
4253,530
1503,438
4084,546
274,468
297,1222
1995,524
4058,1570
2105,396
64,1122
3629,804
471,1072
436,730
230,992
2697,740
2646,520
2650,738
4011,542
2255,1422
2652,550
4010,566
1667,510
2250,1008
885,756
2522,1200
1736,874
963,852
4004,558
1663,1220
2680,514
607,1468
375,1812
2649,518
4248,524
3414,574
2004,1674
2695,560
2694,552
2231,984
904,1504
3362,584
288,856
3389,352
3380,618
1755,418
2679,552
3316,776
4014,1302
2648,516
787,1290
3313,1296
2883,570
1254,572
1308,1550
3272,988
3330,1172
2030,1772
2890,532
2671,552
4013,740
2692,738
32,182
1565,1352
2653,756
2696,556
2930,558
15,854
1721,526
1713,1824
9,830
1696,1626
968,686
41,1778
1798,1624
465,1664
2027,566
215,648
3200,742
869,1150
329,1580
1887,1976
339,1300
3966,1448
1374,1312
770,1088
312,1336
152,1530
991,1012
290,1626
970,1224
1862,920
839,1478
1072,1904
530,1284
2298,1666
2329,1736
1703,1130
1271,1312
3501,1762
395,1416
1416,1148
685,2378
3630,1714
1287,1076
769,2398
568,1290
1607,1362
922,2104
509,1872
2302,1932
1759,900
788,1420
1648,1042
1110,2138
1460,1006
3699,1324
2391,1744
2054,1116
3791,1386
676,1286
2192,1344
279,2326
3659,1656
626,1702
2848,940
133,1026
2554,1368
259,2194
1418,1030
556,900
1239,1112
3576,1214
2053,964
1345,1390
2131,820
736,2042
3969,1548
425,1972
1342,2180
245,1226
128,1562
1291,1584
426,1734
3820,1324
270,1398
106,1072
2031,1880
1662,994
478,1722
2081,1690
330,1204
742,1214
234,1878
1162,1358
1044,2000
805,1258
866,1636
394,1332
1213,1112
800,1018
357,1808
3085,1758
68,1088
2199,1542
1539,1202
620,1860
1571,1066
1081,1696
302,1640
3752,1314
3931,1292
366,1684
1731,1032
3612,1580
996,976
1609,1842
740,1846
3872,1732
536,1596
404,1062
1202,1418
164,1052
1263,1266
359,1396
1118,2390
523,2106
2855,2036
1061,1554
708,1394
995,672
4117,1760
2045,1476
1966,898
109,196
2544,784
1909,1330
1084,782
967,508
3227,1280
52,1814
503,1182
3106,720
3180,1416
816,564
4049,228
1018,760
1666,1046
3816,476
2897,602
470,1122
4265,100
1955,766
101,126
3059,1398
3909,942
632,488
549,604
606,336
2896,696
3575,1326
2785,1066
1278,1628
3255,494
3805,682
3142,622
2791,660
1230,1506
730,1160
2394,846
1139,1168
3194,646
1795,1240
2055,1220
3418,1084
3240,948
147,1152
3675,1748
3044,1316
2263,704
1581,628
532,1294
1728,504
310,1630
1859,1322
3279,646
2946,1440
2809,620
3335,1542
1886,1194
3748,732
2047,502
3301,866
477,638
622,1078
3679,770
2355,1362
3746,780
1314,1360
1871,750
1349,634
1111,844
3047,1420
868,1610
2794,1050
1972,580
1932,674
283,1480
686,840
3747,776
3010,640
81,1170
3163,768
1767,694
413,1098
3685,776
555,1826
3353,714
2984,518
1685,796
1447,530
2786,758
3120,1546
565,504
1376,370
376,1402
1348,444
2458,1050
2112,1366
2405,166
1624,1072
674,1526
1085,1166
2846,324
3475,478
355,1014
1073,1080
201,246
883,1420
2757,238
3223,1956
2539,268
2142,448
689,636
1218,1332
3456,604
4046,448
2624,824
4163,732
4006,736
3722,532
3799,534
3638,1244
2700,568
3090,554
2699,760
3936,506
3462,448
2744,736
4038,738
2713,710
3928,512
2625,770
2888,1016
1604,568
2717,1002
4104,1020
1344,858
1219,716
2718,752
4085,716
2573,728
1168,1762
2612,1228
2731,528
4251,724
2551,824
1597,740
2619,780
4078,732
2155,728
4037,754
2772,734
3859,520
2533,562
2716,532
1603,726
4249,904
4252,732
2397,576
777,1216
4036,776
2616,1394
3783,768
2740,852
3377,748
2707,702
3663,748
2613,1212
4031,514
502,1018
2611,500
2836,916
1100,400
4165,874
243,1092
3408,746
2886,624
2029,674
2230,638
2931,578
4100,802
2063,1006
150,1228
2605,634
1808,728
2711,796
1243,866
358,700
2955,1360
2941,1110
2390,982
3881,738
1615,678
3689,824
192,862
1907,534
3220,702
2060,580
984,1256
2365,1544
4077,322
2183,690
706,354
2005,1636
1101,1236
3665,840
2586,1118
2074,848
2361,1262
3045,890
1068,1484
2538,1016
2769,1304
2210,824
196,2138
2184,696
1578,566
3034,1096
1980,338
2177,360
3919,2578
2895,738
371,1190
401,638
2754,1862
1691,232
1137,526
170,1326
3930,846
2987,898
4245,836
1532,746
2362,1068
3384,896
3877,618
3531,804
2282,1604
1902,582
334,438
678,228
1821,8
13,882
2415,896
4057,106
830,564
197,464
385,466
3422,396
481,340
537,474
3178,296
3218,750
3507,574
3066,630
1507,1022
783,542
1956,246
771,278
2688,118
2857,122
3,1282
1807,330
2641,984
1217,464
344,170
1758,526
837,1746
901,954
1240,1150
3439,432
1718,154
33,240
53,270
3648,394
2665,114
1233,352
2663,118
3458,654
1049,466
1704,302
985,454
1221,752
1534,832
3230,522
1684,1726
3777,504
2968,438
1062,1330
1916,294
1089,968
466,400
2766,554
4213,320
1657,250
2684,118
765,1284
2685,124
2952,1118
2358,1296
2674,116
1555,172
446,386
1043,1332
804,520
2662,116
623,364
2229,1208
2156,164
4009,320
2654,74
2153,494
1099,1014
2078,668
2823,510
117,558
1459,400
2657,124
2937,498
2676,120
961,1026
220,1246
908,656
1103,634
3642,516
2418,520
2658,120
1895,410
1722,162
2134,434
60,1324
2000,1054
2546,258
506,670
1467,428
1477,230
1097,418
2453,458
3841,342
1260,650
3704,430
1030,380
2068,830
3739,582
4229,220
2667,120
2655,72
2040,702
2913,1336
2051,250
2673,122
2677,126
1321,444
1430,516
2661,114
843,376
2615,298
3567,436
450,372
2666,122
2419,268
18,1240
3141,514
1636,368
699,368
879,340
2071,850
2660,120
3411,504
1908,640
2683,118
915,166
535,874
2687,128
1011,352
2722,600
4219,494
3487,302
3764,1292
2882,1436
2672,116
1878,820
975,434
3844,564
1653,498
2555,584
2141,506
3276,348
2008,798
2659,118
1015,682
2675,122
2056,170
2093,268
155,882
2091,374
4074,588
887,512
1979,514
2656,120
4126,258
1005,1404
2710,464
199,632
3959,522
4204,108
3758,510
169,902
3038,1350
2681,756
4047,540
2998,78
2409,652
3078,202
1513,452
2213,326
2223,322
2214,306
3605,266
1410,380
2224,74
849,506
1822,534
1450,240
1337,358
3950,80
3112,748
3155,460
1815,472
2570,452
2596,78
1488,458
853,452
2571,446
2853,462
3596,456
2146,616
2782,456
1883,58
324,572
3521,414
2790,446
3549,450
3201,452
2813,470
1957,822
1395,366
1038,448
3622,448
3461,614
2822,438
2825,458
2951,470
1928,872
8,836
2805,464
728,1098
3233,1038
2821,464
1891,450
1167,100
1673,914
3906,536
2601,166
749,364
871,366
1094,1182
1803,442
240,502
3809,170
3732,268
946,650
704,982
631,644
2294,968
294,1310
4218,286
2286,550
2686,112
1305,228
3789,256
2234,1108
980,1434
2871,542
1369,514
1794,590
2989,638
83,516
3074,214
2160,784
2689,124
3740,268
3122,662
2190,514
590,350
460,804
2598,846
819,578
1257,578
2664,124
265,430
3880,280
2159,658
1517,590
587,764
4208,418
246,1226
2082,822
1562,410
2022,646
1858,446
1632,556
2189,390
1954,806
1006,328
387,538
1697,176
2242,998
116,84
3224,536
1381,92
3974,198
1527,120
2166,326
4125,386
2174,88
3769,814
1171,356
112,104
2600,646
2136,184
534,538
1386,476
4062,452
4092,1626
2108,382
579,154
4095,1588
2704,450
148,258
3357,1128
2283,100
3433,348
1692,168
2238,784
3237,894
2583,116
1542,80
4032,118
1033,346
2579,108
1347,92
3996,106
4068,114
3995,114
2486,92
1423,54
2750,114
4026,110
499,350
1413,96
2580,110
102,70
4019,108
2738,112
4024,230
4266,36
3381,8
80,6
1913,72
1311,76
3185,94
1046,516
1290,500
3249,98
3263,104
2251,722
433,78
3058,100
3042,58
1405,40
3069,52
1762,42
2974,320
1627,40
1783,48
1442,42
1973,254
2770,154
3016,48
528,82
2944,378
4116,370
1518,66
2921,218
3176,32
2983,242
1644,38
2925,44
1923,48
2171,42
1434,42
3169,34
2274,568
2928,422
897,284
2577,290
3651,282
3770,294
3833,448
3187,280
3776,290
649,278
3852,296
350,204
414,550
1353,274
2187,272
3105,290
3751,290
2326,274
2212,102
3527,278
1048,296
3879,160
3851,288
3802,296
1352,248
2745,168
3862,302
1357,282
1355,228
2767,12
3497,820
3548,276
847,286
2501,814
2760,168
3797,66
2709,80
241,142
3494,88
47,74
118,328
438,64
3544,8
2530,54
2923,466
2037,356
3492,558
2033,458
3470,198
2268,572
4214,502
1738,576
232,638
2876,524
2691,540
74,452
1138,876
1768,616
6,918
1625,944
1087,984
2647,558
2125,190
2748,156
1754,370
3985,118
1528,116
4221,618
2117,160
1412,130
1160,112
3875,158
951,328
973,442
1209,152
2808,120
801,168
2742,156
1077,10
3113,2
1262,736
829,610
311,630
2216,406
2241,880
2161,746
3438,590
1726,518
1566,780
1686,530
4187,602
3902,688
1813,732
3159,602
4135,576
71,1076
1802,548
571,566
1784,518
1568,768
3574,606
2865,894
2010,924
789,540
4224,886
89,516
3024,592
2599,762
4080,592
1709,526
2914,760
1714,512
1823,586
1832,522
1835,508
3963,612
3041,592
3235,522
4162,524
1707,536
2021,524
2603,910
3440,888
3181,596
1830,538
209,738
3417,600
4223,906
3232,872
1148,522
3582,896
3360,608
3601,898
1149,514
1819,554
63,570
2001,582
2827,730
2381,704
1788,604
88,932
3348,610
1,508
2167,20
2185,2
585,136
902,238
3184,8
2644,164
2942,506
1941,532
4141,592
2642,514
2832,98
1825,82
1533,352
4232,278
105,232
1952,214
1266,214
100,624
1866,218
1911,276
1996,462
809,218
960,204
1652,210
1178,188
1838,258
1469,348
108,248
3730,456
3423,268
1745,220
1594,232
3807,282
2967,326
3790,164
3502,170
1363,130
113,422
2725,226
3595,176
1142,670
3968,154
3734,172
2476,398
1630,72
2638,204
3277,8
2236,960
3261,366
2206,616
2560,980
3540,724
3892,664
3231,810
4007,322
1215,286
677,284
2861,858
3245,270
1805,228
226,394
3808,448
2963,414
4044,248
1438,664
1390,224
4045,250
3563,448
2287,746
293,406
992,430
554,500
1769,228
2407,296
3168,384
2182,20
4257,24
1810,20
4155,22
2011,24
3324,20
3407,22
1894,22
1869,20
842,186
3139,20
1892,22
3068,22
1951,22
2971,156
3736,22
4151,20
2092,22
4203,22
2991,20
85,26
3029,24
1446,20
3450,346
3008,20
1145,28
2975,22
3707,24
1775,24
1485,20
1156,634
4200,24
2932,22
3031,20
3361,24
3154,20
4139,24
3522,22
1710,22
3225,20
407,22
1649,44
3311,22
3289,20
3715,128
2034,20
4240,24
3053,24
2956,22
3745,512
3858,452
3726,578
3815,206
3356,204
2067,614
2196,170
2195,180
3517,574
1896,186
2904,472
2448,310
3397,358
2899,344
782,260
3430,410
3341,332
2628,4
2749,52
3749,48
1329,84
1216,570
2705,48
441,50
564,432
3583,182
3625,266
2315,266
3952,244
3376,492
3828,258
3039,44
3871,248
1079,478
1654,282
2375,194
2367,180
2957,324
636,14
3609,254
1452,98
3718,242
1796,16
1724,126
1756,148
1506,82
2592,136
94,162
1543,94
2535,246
3401,36
1811,140
3557,40
3538,36
2636,200
2635,292
877,314
96,64
1499,182
1580,130
2493,62
1949,68
2439,94
3326,218
3984,190
3772,258
1628,64
4020,124
2542,12
104,16
1842,56
1870,172
1629,234
1378,84
2083,74
3055,308
1493,60
846,70
1946,74
3060,104
2739,326
716,302
2248,48
3658,16
119,152
2527,6
3967,122
4210,120
3627,16
3584,18
2116,164
2990,16
1461,16
4090,16
19,48
75,16
2985,56
2633,96
1545,218
1863,174
4066,122
3804,122
3306,8
2907,152
2841,200
1426,192
2810,198
772,182
3299,196
3554,228
2205,152
1404,146
2698,362
862,184
2800,196
2793,202
570,146
1525,156
1637,356
3937,32
4222,20
3824,22
1711,20
3647,88
4191,80
1986,86
3533,84
3358,146
2427,164
1399,172
2416,118
4107,166
872,206
1391,120
1491,166
3445,136
3468,170
1422,178
3917,118
2911,172
1306,210
4069,126
3913,262
3447,128
2803,216
1282,190
2764,172
3923,256
3467,124
1294,156
4124,122
2753,190
4017,166
1286,262
3429,200
3710,208
3938,140
3363,170
3446,130
3668,200
2487,172
1898,82
1323,210
2776,190
4072,190
4101,190
1327,118
79,128
31,144
3987,168
1328,158
2149,114
3471,162
3486,182
39,112
314,138
4118,170
2736,166
2837,6
1441,120
1431,114
1720,124
2531,108
1433,112
4051,118
1538,126
1425,30
2834,122
4067,2
3857,196
1407,94
3228,126
2618,72
4199,46
3787,68
3328,56
103,40
3640,68
3628,58
4023,44
1368,56
1548,72
1032,54
95,86
2307,52
2193,54
4029,52
1617,36
1482,44
1486,152
2801,34
1451,82
825,66
1354,236
3569,86
447,92
888,82
3099,74
1702,88
1579,62
660,56
976,44
200,20
2118,10
2258,24
4129,78
3364,20
3838,14
2240,14
1514,20
1576,20
1936,14
4075,64
2275,100
2634,46
3935,126
4048,6
21,118
1307,162
2179,244
3907,166
4096,152
3434,132
2572,174
3443,156
1877,198
2378,124
2878,120
3207,174
392,34
619,34
1884,90
4168,58
107,88
2884,8
3420,38
1774,44
3508,4
1723,136
4171,190
4180,92
1976,8
3210,28
2548,4
1500,8
4264,36
69,40
1045,132
2123,174
2072,134
1900,102
1275,110
1280,102
1712,76
1264,104
3130,98
1304,78
3785,100
2158,72
1298,90
1645,14
1397,26
1014,32
760,24
1093,16
182,12
661,30
1694,20
2041,166
3150,20
581,122
2086,66
2590,36
1470,38
1757,50
1456,26
1457,10
1515,12
1787,2
1455,2
1473,2
1476,2
2701,2
2759,48
1475,2
2608,2
3294,10
1445,2
1389,2
2728,2
3723,2
1494,2
4174,2
1465,2
1429,2
1435,2
1472,2
1501,2
2874,52
1406,44
1483,58
91,48
1253,22
2889,16
3215,16
1752,16
4217,16
17,18
3441,18
1985,16
4182,16
78,20
3296,16
1315,104
1297,96
2752,34
1591,24
3217,36
3847,18
3634,18
3690,18
3854,18
2370,42
3786,66
3869,18
3864,18
2191,56
1606,18
3523,18
3556,18
361,20
2440,80
2557,20
3767,8
2396,76
714,6
791,6
3697,8
4189,42
2730,6
2319,8
2591,8
2835,8
3810,4
3426,2
98,2
2702,2
1497,8
2473,100
3515,28
40,22
3004,22
3678,20
3682,20
1799,8
3970,36
3108,2
2077,26
3084,8
391,68
3375,22
16,60
3241,22
1740,8
3781,30
2322,38
927,20
2796,36
1588,28
2778,32
2843,36
2820,34
2824,38
2780,32
343,20
4132,36
2799,32
3782,32
1071,20
3116,36
3711,24
1464,30
1384,30
198,30
3975,22
2147,30
1536,30
2947,34
2795,34
2237,36
3525,34
2180,30
3564,28
1589,36
298,24
2151,26
4122,36
1970,56
2348,28
700,22
1521,28
1682,36
1028,38
1888,30
2812,34
3018,36
818,28
1419,26
2804,36
4209,24
3624,24
1510,26
3403,36
2301,24
3692,26
1468,32
675,34
3973,38
1437,24
3793,26
2788,34
3283,34
2830,36
1674,36
3183,38
3457,36
1586,26
1236,14
1845,38
2368,28
3337,38
2306,34
4071,36
2850,36
710,6
828,36
3484,4
1495,28
23,24
2872,34
2819,34
1478,24
3971,34
2154,12
4254,12
92,26
2584,38
2431,4
656,16
3111,8
3260,36
2339,30
4196,46
931,40
2472,46
3656,42
1256,34
4255,46
1716,8
3873,60
3172,64
3387,62
2976,56
2084,10
4120,46
4018,2
3818,10
2935,20
1402,46
2090,2
2273,8
2783,66
3485,70
1572,4
3251,8
1809,68
1489,62
4111,64
2929,64
2908,60
2129,66
1931,66
2009,66
1921,60
1828,68
3151,58
3259,64
1725,52
50,52
1750,44
3342,62
3343,66
4082,2
3890,8
3104,4
947,14
487,2
1739,4
1593,2
2891,12
2637,4
3136,26
2025,4
4227,12
1903,6
759,12
2977,12
1763,12
1424,4
1564,26
1746,4
1537,4
1398,8
3352,8
472,2
2420,24
2036,10
296,22
3196,8
3846,20
2097,12
680,18
2101,16
974,12
2773,26
2588,8
4134,4
3949,2
1484,4
1727,10
3073,22
2940,26
3285,24
1743,18
3081,26
2181,20
1961,22
3287,8
3166,2
3390,8
3700,14
1638,20
1448,20
1963,20
2402,6
2972,8
1552,32
3404,2
1793,8
3839,2
3327,2
1551,2
3898,34
2144,20
2798,26
3334,22
3459,28
3448,22
1530,20
3516,28
3895,8
3152,10
3396,8
3415,8
3189,8
3126,8
1699,8
3493,8
1958,8
4250,8
3212,8
1557,10
3005,8
2746,8
3899,8
3286,8
3267,8
3860,8
3075,8
4136,8
1660,8
2920,8
3982,8
3198,10
1860,8
3529,8
3067,8
4102,8
3742,8
1867,8
4142,8
3221,8
3849,8
321,8
2145,8
3354,8
1664,8
1688,8
1529,8
698,8
3161,10
1428,8
4143,8
3308,8
1852,8
3012,8
3537,8
1687,8
1938,8
3199,8
3266,8
1962,8
3248,8
2936,8
3365,8
4175,8
3351,8
3314,20
2168,10
2175,8
1899,8
3410,8
3082,8
2903,8
1800,8
3546,8
3550,8
3290,8
2970,8
3096,8
2885,8
3017,8
3197,8
2,8
3143,8
1827,8
2247,8
1479,8
4145,8
1789,8
3413,8
1408,8
1535,8
3452,8
3367,8
4159,8
3103,8
2332,8
3064,8
1394,58
4220,10
1633,8
1680,8
3258,8
1544,8
3463,8
2844,8
2128,8
3083,8
2912,8
3676,8
4216,8
2924,8
3635,8
179,8
1705,10
1550,8
3432,8
3138,8
3054,8
2085,8
2909,8
4194,8
1773,8
4205,8
4130,8
3021,8
1865,8
3278,8
3124,8
1855,8
1776,10
3386,8
3762,8
3007,8
3425,8
4239,10
2969,8
1526,8
3293,8
1556,8
1982,8
1829,8
3339,8
3226,8
1590,8
1905,8
1522,8
1541,8
124,8
2916,8
4121,8
381,6
812,50
903,20
3986,2
2758,2
1490,22
1502,10
4156,2
3505,12
1505,4
4050,2
559,10
1474,4
363,4
4008,4
1516,2
2293,4
2232,6
3382,4
4181,4
2406,4
4185,4
3884,2
2894,12
1415,10
2668,22
1021,10
1575,10
2755,10
2107,10
3904,10
4256,10
3932,10
864,2
3765,4
238,2
3632,2
1873,2
1733,6
2401,4
560,6
1481,2
3323,2
1558,4
3165,4
3868,4
3603,4
2087,4
2380,6
1444,4
3837,4
1991,4
3102,4
3473,4
1943,4
1635,4
3551,4
1748,4
3788,4
552,6
2360,4
3370,2
1124,2
731,8
1471,2
3402,4
237,12
2905,2
1414,4
1959,2
2404,2
137,2
3128,2
1583,4
4235,2
3435,2
1843,4
1392,2
2594,2
1480,4
3870,6
3319,2
2135,2
3280,2
1509,4
752,4
1197,2
2292,4
3419,2
1296,2
1547,2
1675,2
1524,2
2311,2
1427,2
1672,4
99,2
2792,2
97,2
3940,2
2143,2
1523,4
3939,2
153,4
2781,2
2807,2
2870,2
3716,2
1960,2
3941,2
4233,2
2828,2
4246,2
